-- MySQL dump 10.13  Distrib 8.0.39, for Linux (x86_64)
--
-- Host: localhost    Database: gestion_compte
-- ------------------------------------------------------
-- Server version	8.0.39-0ubuntu0.22.04.1

/*!40101 SET @OLD_CHARACTER_SET_CLIENT=@@CHARACTER_SET_CLIENT */;
/*!40101 SET @OLD_CHARACTER_SET_RESULTS=@@CHARACTER_SET_RESULTS */;
/*!40101 SET @OLD_COLLATION_CONNECTION=@@COLLATION_CONNECTION */;
/*!50503 SET NAMES utf8mb4 */;
/*!40103 SET @OLD_TIME_ZONE=@@TIME_ZONE */;
/*!40103 SET TIME_ZONE='+00:00' */;
/*!40014 SET @OLD_UNIQUE_CHECKS=@@UNIQUE_CHECKS, UNIQUE_CHECKS=0 */;
/*!40014 SET @OLD_FOREIGN_KEY_CHECKS=@@FOREIGN_KEY_CHECKS, FOREIGN_KEY_CHECKS=0 */;
/*!40101 SET @OLD_SQL_MODE=@@SQL_MODE, SQL_MODE='NO_AUTO_VALUE_ON_ZERO' */;
/*!40111 SET @OLD_SQL_NOTES=@@SQL_NOTES, SQL_NOTES=0 */;

--
-- Table structure for table `amis`
--

DROP TABLE IF EXISTS `amis`;
/*!40101 SET @saved_cs_client     = @@character_set_client */;
/*!50503 SET character_set_client = utf8mb4 */;
CREATE TABLE `amis` (
  `id` int NOT NULL AUTO_INCREMENT,
  `id_compte` int NOT NULL,
  `id_compte_amis` int NOT NULL,
  PRIMARY KEY (`id`),
  KEY `id_compte` (`id_compte`),
  KEY `id_compte_amis` (`id_compte_amis`),
  CONSTRAINT `amis_ibfk_1` FOREIGN KEY (`id_compte`) REFERENCES `compte` (`id`),
  CONSTRAINT `amis_ibfk_2` FOREIGN KEY (`id_compte_amis`) REFERENCES `compte` (`id`)
) ENGINE=InnoDB AUTO_INCREMENT=5 DEFAULT CHARSET=utf8mb4 COLLATE=utf8mb4_0900_ai_ci;
/*!40101 SET character_set_client = @saved_cs_client */;

--
-- Dumping data for table `amis`
--

LOCK TABLES `amis` WRITE;
/*!40000 ALTER TABLE `amis` DISABLE KEYS */;
INSERT INTO `amis` VALUES (2,1,2),(3,1,4),(4,9,2);
/*!40000 ALTER TABLE `amis` ENABLE KEYS */;
UNLOCK TABLES;

--
-- Table structure for table `commentaire`
--

DROP TABLE IF EXISTS `commentaire`;
/*!40101 SET @saved_cs_client     = @@character_set_client */;
/*!50503 SET character_set_client = utf8mb4 */;
CREATE TABLE `commentaire` (
  `id` int NOT NULL AUTO_INCREMENT,
  `id_compte` int NOT NULL,
  `id_publication` int NOT NULL,
  `contenu` text NOT NULL,
  `date_lance` datetime DEFAULT NULL,
  PRIMARY KEY (`id`),
  KEY `id_compte` (`id_compte`),
  KEY `id_publication` (`id_publication`),
  CONSTRAINT `commentaire_ibfk_1` FOREIGN KEY (`id_compte`) REFERENCES `compte` (`id`),
  CONSTRAINT `commentaire_ibfk_2` FOREIGN KEY (`id_publication`) REFERENCES `publication` (`id`)
) ENGINE=InnoDB AUTO_INCREMENT=15 DEFAULT CHARSET=utf8mb4 COLLATE=utf8mb4_0900_ai_ci;
/*!40101 SET character_set_client = @saved_cs_client */;

--
-- Dumping data for table `commentaire`
--

LOCK TABLES `commentaire` WRITE;
/*!40000 ALTER TABLE `commentaire` DISABLE KEYS */;
INSERT INTO `commentaire` VALUES (6,1,1,'Where are you from?','2024-09-24 00:00:00'),(7,1,3,'Wouah','2024-09-25 00:00:00'),(8,1,3,'Yess','2024-09-28 19:00:22'),(9,2,3,'hi','2024-09-28 21:43:39'),(10,1,3,'Let\'s play together','2024-09-30 12:12:03'),(11,1,3,'hey','2024-09-30 18:55:54'),(12,2,4,'Bisou','2024-10-01 05:33:32'),(13,2,4,'Bisouu','2024-10-02 08:45:34'),(14,9,3,'Hi Fitiavana','2024-10-02 12:43:14');
/*!40000 ALTER TABLE `commentaire` ENABLE KEYS */;
UNLOCK TABLES;

--
-- Table structure for table `compte`
--

DROP TABLE IF EXISTS `compte`;
/*!40101 SET @saved_cs_client     = @@character_set_client */;
/*!50503 SET character_set_client = utf8mb4 */;
CREATE TABLE `compte` (
  `id` int NOT NULL AUTO_INCREMENT,
  `nom` varchar(100) NOT NULL,
  `prenom` varchar(100) NOT NULL,
  `email` varchar(100) NOT NULL,
  `mdp` varchar(100) NOT NULL,
  PRIMARY KEY (`id`)
) ENGINE=InnoDB AUTO_INCREMENT=10 DEFAULT CHARSET=utf8mb4 COLLATE=utf8mb4_0900_ai_ci;
/*!40101 SET character_set_client = @saved_cs_client */;

--
-- Dumping data for table `compte`
--

LOCK TABLES `compte` WRITE;
/*!40000 ALTER TABLE `compte` DISABLE KEYS */;
INSERT INTO `compte` VALUES (1,'Ratsilavoson','Sarobidy','finaritratsilavo@gmail.com','12345'),(2,'Ratsilavoson','Fitiavana','fitiavanaratsila@gmail.com','azerty'),(4,'Ranaivoson','Faniriana','fanihranvs@gmail.com','aqwzsx'),(5,'Harimanantsoa','Dayah','dayahgayo@gmail.com','1029384756'),(6,'Razanakoto','Fetra Mamy','fetraraz@gmail.com','fefeazerty'),(8,'Randriatiana','Hary','haryandria@gmail.com','hary123'),(9,'Ratsilavoson','FInaritra','ratsilavososarobidy@gmail.com','123');
/*!40000 ALTER TABLE `compte` ENABLE KEYS */;
UNLOCK TABLES;

--
-- Table structure for table `publication`
--

DROP TABLE IF EXISTS `publication`;
/*!40101 SET @saved_cs_client     = @@character_set_client */;
/*!50503 SET character_set_client = utf8mb4 */;
CREATE TABLE `publication` (
  `id` int NOT NULL AUTO_INCREMENT,
  `id_compte` int NOT NULL,
  `contenu` text NOT NULL,
  `date_lance` datetime DEFAULT NULL,
  PRIMARY KEY (`id`),
  KEY `id_compte` (`id_compte`),
  CONSTRAINT `publication_ibfk_1` FOREIGN KEY (`id_compte`) REFERENCES `compte` (`id`)
) ENGINE=InnoDB AUTO_INCREMENT=7 DEFAULT CHARSET=utf8mb4 COLLATE=utf8mb4_0900_ai_ci;
/*!40101 SET character_set_client = @saved_cs_client */;

--
-- Dumping data for table `publication`
--

LOCK TABLES `publication` WRITE;
/*!40000 ALTER TABLE `publication` DISABLE KEYS */;
INSERT INTO `publication` VALUES (1,1,'Hello world !\r\nI\'m Sarobidy.','2024-09-24 05:59:54'),(3,2,'I love football.','2024-09-24 06:59:40'),(4,1,'Bisou','2024-09-30 19:32:47'),(5,1,'So tired','2024-10-02 08:56:32'),(6,8,'Salut les amiiis','2024-10-02 11:43:40');
/*!40000 ALTER TABLE `publication` ENABLE KEYS */;
UNLOCK TABLES;

--
-- Table structure for table `reaction`
--

DROP TABLE IF EXISTS `reaction`;
/*!40101 SET @saved_cs_client     = @@character_set_client */;
/*!50503 SET character_set_client = utf8mb4 */;
CREATE TABLE `reaction` (
  `id` int NOT NULL AUTO_INCREMENT,
  `type_reaction` varchar(10) NOT NULL,
  `nom_reaction` varchar(10) DEFAULT NULL,
  `couleur_reaction` varchar(10) DEFAULT NULL,
  PRIMARY KEY (`id`)
) ENGINE=InnoDB AUTO_INCREMENT=8 DEFAULT CHARSET=utf8mb4 COLLATE=utf8mb4_0900_ai_ci;
/*!40101 SET character_set_client = @saved_cs_client */;

--
-- Dumping data for table `reaction`
--

LOCK TABLES `reaction` WRITE;
/*!40000 ALTER TABLE `reaction` DISABLE KEYS */;
INSERT INTO `reaction` VALUES (1,'👍','J\'aime','#ffdb5e'),(2,'❤️','J\'adore','#dd2e44'),(3,'😂','Haha','#ffcc4d'),(4,'😮','Wouah','#ffcc4d'),(5,'😢','Triste','#ffcc4d'),(6,'😡','Grrr','#dd2e44'),(7,'🤝','Solidaire','#ffcc4d');
/*!40000 ALTER TABLE `reaction` ENABLE KEYS */;
UNLOCK TABLES;

--
-- Table structure for table `reaction_commentaire`
--

DROP TABLE IF EXISTS `reaction_commentaire`;
/*!40101 SET @saved_cs_client     = @@character_set_client */;
/*!50503 SET character_set_client = utf8mb4 */;
CREATE TABLE `reaction_commentaire` (
  `id` int NOT NULL AUTO_INCREMENT,
  `id_compte` int NOT NULL,
  `id_commentaire` int NOT NULL,
  `id_reaction` int NOT NULL,
  PRIMARY KEY (`id`),
  KEY `id_compte` (`id_compte`),
  KEY `id_commentaire` (`id_commentaire`),
  KEY `id_reaction` (`id_reaction`),
  CONSTRAINT `reaction_commentaire_ibfk_1` FOREIGN KEY (`id_compte`) REFERENCES `compte` (`id`),
  CONSTRAINT `reaction_commentaire_ibfk_2` FOREIGN KEY (`id_commentaire`) REFERENCES `commentaire` (`id`),
  CONSTRAINT `reaction_commentaire_ibfk_3` FOREIGN KEY (`id_reaction`) REFERENCES `reaction` (`id`)
) ENGINE=InnoDB AUTO_INCREMENT=44 DEFAULT CHARSET=utf8mb4 COLLATE=utf8mb4_0900_ai_ci;
/*!40101 SET character_set_client = @saved_cs_client */;

--
-- Dumping data for table `reaction_commentaire`
--

LOCK TABLES `reaction_commentaire` WRITE;
/*!40000 ALTER TABLE `reaction_commentaire` DISABLE KEYS */;
INSERT INTO `reaction_commentaire` VALUES (15,2,8,1),(22,2,7,1),(25,1,8,3),(34,2,12,2),(39,1,9,1),(42,1,7,1),(43,1,14,2);
/*!40000 ALTER TABLE `reaction_commentaire` ENABLE KEYS */;
UNLOCK TABLES;

--
-- Table structure for table `reaction_publication`
--

DROP TABLE IF EXISTS `reaction_publication`;
/*!40101 SET @saved_cs_client     = @@character_set_client */;
/*!50503 SET character_set_client = utf8mb4 */;
CREATE TABLE `reaction_publication` (
  `id` int NOT NULL AUTO_INCREMENT,
  `id_compte` int NOT NULL,
  `id_publication` int NOT NULL,
  `id_reaction` int NOT NULL,
  PRIMARY KEY (`id`),
  KEY `id_compte` (`id_compte`),
  KEY `id_publication` (`id_publication`),
  KEY `id_reaction` (`id_reaction`),
  CONSTRAINT `reaction_publication_ibfk_1` FOREIGN KEY (`id_compte`) REFERENCES `compte` (`id`),
  CONSTRAINT `reaction_publication_ibfk_2` FOREIGN KEY (`id_publication`) REFERENCES `publication` (`id`),
  CONSTRAINT `reaction_publication_ibfk_3` FOREIGN KEY (`id_reaction`) REFERENCES `reaction` (`id`)
) ENGINE=InnoDB AUTO_INCREMENT=68 DEFAULT CHARSET=utf8mb4 COLLATE=utf8mb4_0900_ai_ci;
/*!40101 SET character_set_client = @saved_cs_client */;

--
-- Dumping data for table `reaction_publication`
--

LOCK TABLES `reaction_publication` WRITE;
/*!40000 ALTER TABLE `reaction_publication` DISABLE KEYS */;
INSERT INTO `reaction_publication` VALUES (7,1,1,2),(53,2,4,1),(61,1,5,1),(63,1,4,3),(65,1,3,2),(66,8,6,2),(67,9,3,1);
/*!40000 ALTER TABLE `reaction_publication` ENABLE KEYS */;
UNLOCK TABLES;

--
-- Table structure for table `reaction_reponse_commentaire`
--

DROP TABLE IF EXISTS `reaction_reponse_commentaire`;
/*!40101 SET @saved_cs_client     = @@character_set_client */;
/*!50503 SET character_set_client = utf8mb4 */;
CREATE TABLE `reaction_reponse_commentaire` (
  `id` int NOT NULL AUTO_INCREMENT,
  `id_compte` int NOT NULL,
  `id_reponse_commentaire` int NOT NULL,
  `id_reaction` int NOT NULL,
  PRIMARY KEY (`id`),
  KEY `id_compte` (`id_compte`),
  KEY `id_reponse_commentaire` (`id_reponse_commentaire`),
  KEY `id_reaction` (`id_reaction`),
  CONSTRAINT `reaction_reponse_commentaire_ibfk_1` FOREIGN KEY (`id_compte`) REFERENCES `compte` (`id`),
  CONSTRAINT `reaction_reponse_commentaire_ibfk_2` FOREIGN KEY (`id_reponse_commentaire`) REFERENCES `reponse_commentaire` (`id`),
  CONSTRAINT `reaction_reponse_commentaire_ibfk_3` FOREIGN KEY (`id_reaction`) REFERENCES `reaction` (`id`)
) ENGINE=InnoDB AUTO_INCREMENT=10 DEFAULT CHARSET=utf8mb4 COLLATE=utf8mb4_0900_ai_ci;
/*!40101 SET character_set_client = @saved_cs_client */;

--
-- Dumping data for table `reaction_reponse_commentaire`
--

LOCK TABLES `reaction_reponse_commentaire` WRITE;
/*!40000 ALTER TABLE `reaction_reponse_commentaire` DISABLE KEYS */;
INSERT INTO `reaction_reponse_commentaire` VALUES (9,1,10,1);
/*!40000 ALTER TABLE `reaction_reponse_commentaire` ENABLE KEYS */;
UNLOCK TABLES;

--
-- Table structure for table `reponse_commentaire`
--

DROP TABLE IF EXISTS `reponse_commentaire`;
/*!40101 SET @saved_cs_client     = @@character_set_client */;
/*!50503 SET character_set_client = utf8mb4 */;
CREATE TABLE `reponse_commentaire` (
  `id` int NOT NULL AUTO_INCREMENT,
  `id_commentaire` int NOT NULL,
  `contenu` text NOT NULL,
  `id_compte` int NOT NULL,
  `date_lance` datetime DEFAULT CURRENT_TIMESTAMP,
  PRIMARY KEY (`id`),
  KEY `fk_commentaire` (`id_commentaire`),
  CONSTRAINT `fk_commentaire` FOREIGN KEY (`id_commentaire`) REFERENCES `commentaire` (`id`) ON DELETE CASCADE
) ENGINE=InnoDB AUTO_INCREMENT=12 DEFAULT CHARSET=utf8mb4 COLLATE=utf8mb4_0900_ai_ci;
/*!40101 SET character_set_client = @saved_cs_client */;

--
-- Dumping data for table `reponse_commentaire`
--

LOCK TABLES `reponse_commentaire` WRITE;
/*!40000 ALTER TABLE `reponse_commentaire` DISABLE KEYS */;
INSERT INTO `reponse_commentaire` VALUES (10,7,'It\'s really cool',2,'2024-10-01 08:02:34'),(11,14,'Hi Sarobidy',1,'2024-10-02 13:46:44');
/*!40000 ALTER TABLE `reponse_commentaire` ENABLE KEYS */;
UNLOCK TABLES;
/*!40103 SET TIME_ZONE=@OLD_TIME_ZONE */;

/*!40101 SET SQL_MODE=@OLD_SQL_MODE */;
/*!40014 SET FOREIGN_KEY_CHECKS=@OLD_FOREIGN_KEY_CHECKS */;
/*!40014 SET UNIQUE_CHECKS=@OLD_UNIQUE_CHECKS */;
/*!40101 SET CHARACTER_SET_CLIENT=@OLD_CHARACTER_SET_CLIENT */;
/*!40101 SET CHARACTER_SET_RESULTS=@OLD_CHARACTER_SET_RESULTS */;
/*!40101 SET COLLATION_CONNECTION=@OLD_COLLATION_CONNECTION */;
/*!40111 SET SQL_NOTES=@OLD_SQL_NOTES */;

-- Dump completed on 2024-10-02 13:52:06
